Store,Bayside,,bayside.expressstore@mailbox.com.au
Store,Broadmeadows,03.3532.1455,broadmeadows.expressstore@mailbox.com.au
Store,Chatswood Chase,02.3523.5432,chatswood.chase.express.store@mailbox.com.au
Store,Epping Plaza,03.7543.5500,eppingplaza.expressstore@mailbox.com.au
Store,Macquarie Centre,02.7432.4166,macquariecentre.expressstore@mailbox.com.au
Store,345 George St,02.3566.0900,345.georgest.store@mailbox.com.au
Store,853 Hay Street,08.5422.7800,853haystreet.store@mailbox.com.au
Store,Adelaide,08.3423.8700,adelaide.store@mailbox.com.au
Store,Adelaideterrace,08.2343.6000,adelaideterrace.store@mailbox.com.au
Store,Airport West,03.34232.3300,airportwest.store@mailbox.com.au
Store,Albany,08.9892.2433,albany.store@mailbox.com.au
Store,Armadale,08.2342.6300,armadale.store@mailbox.com.au
Store,Augusta,08.2324.3000,augusta.store@mailbox.com.au
Store,Baldivis,08.2343.3200,baldivis.store@mailbox.com.au
Store,Bankstown,02.2152.3500,bankstown.store@mailbox.com.au
